{"JomSh3J805T1tPHdAMLV5A==":"untitled_artwork%204-518x691.png","tQWbnvAf2SwX00zp07rhzQ==":"untitled_artwork-518x691.jpeg","dHsWX7w7pzZWdZBsP7m/Qw==":"untitled_artwork%205-518x691.png","Ndy7jlhFv/A4dRq37vkorw==":"untitled_artwork-518x659.png","O+wdwN+jvArKmsZO3uoy8Q==":"screenshot%202023-11-26%20at%207.27.16%E2%80%AFam-518x404.png","HoLsDucOBaIZuJMITYAufg==":"untitled_artwork%202-518x520.jpeg","fAjL66stIUhK5PXflF7BSA==":"screenshot%202023-11-26%20at%207.27.01%E2%80%AFam-518x512.png","SDcfciRFf3n9/L14i3JbzA==":"b519fb86-b852-4c86-b12e-0be6df157e0d-1-518x921.jpeg","kpjAUu0t0dtAWDu/5STd2Q==":"untitled_artwork%202-518x520.jpeg","6yaznNOALY9+EGs/TgS1yw==":"screenshot%202023-11-26%20at%207.27.39%E2%80%AFam-518x486.png","V/GzqTfAPkar9yrBMtDYkw==":"untitled_artwork%204-518x691.png","othwdE9kDaXILGsb5LCDgg==":"untitled_artwork%204-518x691.png","Nfbl5xVzXkOtSKjodpi0yQ==":"screenshot%202023-11-26%20at%207.27.01%E2%80%AFam-518x512.png","mi50N0srJnCanTaO9S9Oqw==":"untitled_artwork%202-518x520.jpeg","il1CsTPZ3qFIlX88eLWDNw==":"img-7672-241x241.jpg","bom/nlUTbWX8wGJoXzhBfA==":"untitled_artwork%207-1000x1333.png","VjdYATeRCnQcSdWQ3DfUrw==":"untitled_artwork%204-1000x1333.png","mKooab7yDUf/ViTGkZAmIw==":"untitled_artwork%203-1000x1333.png","hq73Ojc0h1Z3UsKOKeIrJg==":"untitled_artwork%202-1000x1333.png","oGMCl2lVe3Y3xSCReovGUQ==":"untitled_artwork%201-1000x1273.png","/ZnM93SpWDvD4BFSLz1TLg==":"untitled_artwork%201-1000x1273.png","j9PSpYTNQCLugawr270tHQ==":"screenshot%202023-11-26%20at%207.27.16%E2%80%AFam-518x404.png","/yoQ4roLzV1qgz2y00QXqw==":"untitled_artwork%204-1000x1333.png","fYzo2ePzESDZSZDVBK2eXA==":"untitled_artwork%207-1000x1333.png","phUL1NyKWHlb0KFw1eEr5g==":"screenshot%202023-11-26%20at%207.27.16%E2%80%AFam-518x404.png","mDt7Y1AkOdr43tHToQUmCQ==":"untitled_artwork%203-562x749.png","KGAPVJiSmX6aA6Anlu9vtQ==":"untitled_artwork%203-562x749.png","UbaAd3W1cKDpABbsOvusHA==":"untitled_artwork%2011-3000x4000.png","sN3adoZuf/CCZMbpOhykhg==":"untitled_artwork%2011-3000x4000.png","p/uvQ6fbxQAAwq2qmUtgnQ==":"untitled_artwork%206-3000x4000.png","xegz8t6jLb3SmZY2w5HGsw==":"untitled_artwork%206-3000x4000.png","cF3FrK7vO620/VuZqwM67Q==":"untitled_artwork%202-3000x4000.png","W6dmzzAki0GgVsJHOQq1Sw==":"untitled_artwork%202-3000x4000.png","ELfJp3EWrbeu6Gyubl1j0w==":"untitled_artwork%2010-3000x4000.png","e+z1ZPaslh8bWFerRhNMrQ==":"untitled_artwork%2010-3000x4000.png","XvYb1U+5sQZ/MEP3rHCtAQ==":"screenshot%202024-01-12%20at%209.26.53%E2%80%AFam-956x1106.png","Sx5k667qgU+qxUUGdCx9Aw==":"screenshot%202024-01-12%20at%209.26.53%E2%80%AFam-956x1106.png","MH74ziX43l9osEX9YB1ieQ==":"screenshot%202024-01-12%20at%209.27.06%E2%80%AFam-1636x1704.png","9cqvY1qt9hI2OEDkp8Jy4g==":"screenshot%202024-01-12%20at%209.27.06%E2%80%AFam-1636x1704.png","DCaYXtdBcd7StkRUQaII3w==":"untitled_artwork%201-1000x1273.png","RKa3YL8BGj//CmxCuRtdhg==":"img-9112-263x263.png","PjO765wvxG2pe2/0I/GI9Q==":"img-9112-2651x2651.png","NnicdcUhGerkefSxqyjfvw==":"2023-10-14%2011.25.33-596x596.jpg","PWlZjepcfRv9AE7sb15tAQ==":"2023-10-14%2011.25.33-1-596x596.jpg","aOBTudBhNR5TxRrqP1aWzQ==":"untitled_artwork%203-518x659.png","FtVszEP9KlyM22lINTSckw==":"untitled_artwork%203-518x659.png","WdVzDrUaNvxSpLqEgBMoKw==":"untitled_artwork%202-517x406.png","0/1B3Sj2B999fxT82/S+RQ==":"untitled_artwork%204-517x1235.png","5U5qreX0pUL8IFsOYunQ1g==":"untitled_artwork%202-517x406.png","jW8WWYWnaCKY+nFt+HMVrQ==":"untitled_artwork%204-517x1235.png","o7R0PNIKqhIBK80kqsevxg==":"untitled_artwork%202-3000x2357.png","ik3HAEPCrU+ApaUMxgvBoA==":"untitled_artwork%202-3000x2357.png","QUHruZjEZJn7JOaBOA3C1Q==":"untitled_artwork%204-517x1235.png","QrYyW/m0+MlnoI6aIgYOAQ==":"untitled_artwork%204-838x2003.png","XqStexa3ucYeWEdbgE9USg==":"background1.jpg","Na2SuZ6+OPv5YdkKo6oakA==":"background13.jpg","jP8X3L51wh9t4dH2X6JEKw==":"background4.jpg","rD3NxPtKTNOzRxo1plQubg==":"screenshot%202024-05-04%20at%209.44.43%E2%80%AFpm-1139x742.png","MWLyx9Vn+1T02pQlHY9oew==":"screenshot%202024-05-04%20at%209.47.59%E2%80%AFpm-1139x824.png","Ei81zUDV33vDdx2cUxHYMA==":"screenshot%202024-05-04%20at%209.49.18%E2%80%AFpm-1139x800.png","OWGKCzV3nXfY9OaNBnL3RA==":"untitled_artwork%2014-867x1156.png","FQS4TGEcMKzL9mJf/pesLA==":"untitled_artwork%2013-867x1156.png","RRmxMeyLDv8kAdSIeGBa0g==":"untitled_artwork%208-867x2072.png","UJOv/cdOH99Ba0+k/yRoIg==":"untitled_artwork%208-867x2072.png","3rMcjunEypKy3aNxxv43Lg==":"untitled_artwork%202-4000x3000.png","CokV5U8ZYGkmvWiOOvOiFw==":"hopey-1536x2048.png","CaFA6Wg1OUnqbABSszsnLQ==":"untitled_artwork%209-3300x4200.png","cbvUsENrYV9UZACUngtDRQ==":"untitled_artwork%2015-3000x4000.png","kqV1ZWHwrvzzMxkWhrBEXw==":"untitled_artwork%2016-634x845.png","lzY1i+8hGsGt5VCH2lzNmg==":"untitled_artwork%209-3300x4200.png","qZd/N1B6k+cy0vOka+l8Yg==":"untitled_artwork-2048x2048.png","9Poq7VCfAgwEfvq6I1OQHQ==":"untitled_artwork%2016-634x845.png","dUFrXTc052c9uDyEeYfbnw==":"2023-05-30_00.05.38-1256x1675.png","1iR+js5k7ktVwy9Sa9Sg7A==":"hopey-1-1536x2048.png","+zPm3sEeFM8Faq55Tfp0GQ==":"untitled_artwork%209-3300x4200.png","ox2beTZ7Fyh9Gw59gdppdA==":"untitled_artwork%202-4000x3000.png","3JDiMIfZ1CxnERvYVIMOsw==":"untitled_artwork%2015-3000x4000.png","f3u2PQ7tUhymNgj3l0k9fw==":"untitled_artwork-682x682.png","zoLdXgYxyPQQSIS8BKlrgQ==":"untitled_artwork%2010-3000x4000.png","F9eWNzFl7up8Pa3ce8R0dg==":"untitled_artwork%202-816x816.png","cfHHcmdAslc7p/5zOS++yw==":"untitled_artwork%202-816x816.png","J6vgBChFndTbCeR73CM7LQ==":"untitled_artwork%202-816x816.png","3phKm/BiUZYCtNXA1UXB4Q==":"untitled_artwork%202-816x816.png","pbJ9l/hEVfztLp5nXK5MiA==":"untitled_artwork%202-816x816.png","hvb/Ed6izHj7gXZ+/HrTMw==":"untitled_artwork%202-816x816.png","4tKxkdNpPJ1qG9xLRNlhtQ==":"screenshot%202024-06-13%20at%208.30.33%E2%80%AFam-816x626.png","SwrUq2sKL703RJ7w5e//Gg==":"screenshot%202024-05-04%20at%209.44.43%E2%80%AFpm-1139x742.png","va2zZC9R3TDjG/q6zTbWGA==":"screenshot%202024-05-04%20at%209.47.59%E2%80%AFpm-1139x824.png","qg7Qz84PyvKOwzOzhcaAzA==":"untitled_artwork%2011-3000x4000.png","u7ncF3bx/c0sqYDOQ7MXaw==":"untitled_artwork-1-518x659.png","iz6/mhZNtvm7ySprbfwH2A==":"untitled_artwork-1-518x691.jpeg","LsoPZcH7cMY5NFhCipaODA==":"untitled_artwork%205-518x691.png","GyZHgEAoVVdOO0ukEreGdw==":"untitled_artwork%204-1000x1333.png","Pg2TZDsGxDYG2NXwiDSU1w==":"untitled_artwork%202-4000x3000.png","a46FbYSlN/IKwjVqsUvBEQ==":"screenshot%202023-11-26%20at%207.27.01%E2%80%AFam-518x512.png","P+SIuzN93yxYAuBeqL+tHw==":"untitled_artwork%2010-3000x4000.png","MP8vqCGxGhBvZL+gWMigvw==":"untitled_artwork%2015-3000x4000.png","g93iCJ7yZsO3n/f6J4vAHg==":"untitled_artwork%203-518x659.png","/xSVL3GanwxtP8vM9eRFCg==":"screenshot%202024-01-12%20at%209.27.06%E2%80%AFam-1636x1704.png","Qk8fd81ioTM3i5WmJsrZhQ==":"hopey-2-1536x2048.png","Nucc7GHOFOYPz2tfr5stTw==":"screenshot%202024-01-12%20at%209.26.53%E2%80%AFam-956x1106.png","F3tFof6bQQtwbWXvX0yuxQ==":"gallery08.jpeg","iKBbMfTEzVOWqVxAMI5eTw==":"img-954-682x909.jpeg","PXVaXnl1pTDVbrN8BYA2Dw==":"background3.jpg","TOnfMluaYmD8CAso+xwSCg==":"gallery13.jpg","jn32d1I1h87YjqOba20vMg==":"gallery08.jpg","keM0E2HrgeiPScJ1KxCvFw==":"gallery10.jpg","/rjAZJ8AFIiUhssMJHTyOQ==":"gallery03.jpg","ujVfO4bUA8SuzsiqJ6w0ag==":"gallery06.jpg","UrN9L9eBx6bgTv+XaStHYA==":"2023-10-14%2011.25.33-596x596.jpeg","YwP4IGBCM6rbP6uJCmamng==":"2023-10-14%2011.25.33-596x596.jpeg","mSrw5Hvb9fMm9ubDOSZ7Tw==":"4b6f222c-59b8-4e4f-bf37-81da3d8242f3-1179x2096.jpg","YNDh5lcKRFnsY7Ann78VKA==":"4b6f222c-59b8-4e4f-bf37-81da3d8242f3-1179x2096.jpeg","wMF7zucIV48fqQ3FGwU2Cw==":"screenshot%202024-08-06%20at%208.30.11%E2%80%AFpm-414x324.png","QQpOFizxAUA97R/mnMPiwQ==":"screenshot%202024-08-06%20at%208.30.11%E2%80%AFpm-414x324.png","Kvi7EXeHIkDSVy9abarZkQ==":"screenshot%202024-08-06%20at%208.31.45%E2%80%AFpm-229x181.png","4FNPFW1Yl5/y1lJWT9aaNA==":"img-713.png","er5Q/j9P3RiOoCXQuKG9pg==":"img-714.png","RmFJvRdoO54gOjNgmjkq8A==":"img-715.png","SH6IMfSADzUTtaC6jikYkA==":"2023-10-13-15.52.58.jpg","jkZkG0s4ipqPSOfD5+EGUg==":"2023-10-13-15.52.58.jpeg","TZDxTldg/lEuC3Uv6kJt2g==":"2023-10-13-15.52.58-1.jpeg","LODenOGMHjrBIAgnvxysvQ==":"2023-10-13-15.52.58-2.jpeg","q7DLwQSRRixJdUfZbcKZcQ==":"2023-10-13-15.35.09.png","q7wjYJhjsDeh9FooDWQ+pg==":"img-7672.png","p0ETovoAc/Gx9dVT0ZfNpA==":"untitled-artwork.png","9zsZ0fJYzfK3vlvpa68G6w==":"untitled-artwork-1.png","lB7pknYyuua7VcDxuRgqWQ==":"screenshot-2024-08-27-at-9.37.26pm.png","UHTm0RJ7NIGU2VmO2NGl9Q==":"screenshot-2024-08-27-at-9.37.59pm.png","GaMiNGl4+uksH3NjJE8WBA==":"photo3-2.jpg","enWtVihTblPrPETteS1nOw==":"photo3-2.jpeg","aCTCEhoHt/7+cQJVvF+Btw==":"photo3-3.jpeg","D4lZgkZ3rMTharbLrXHXkA==":"photo4-2.jpeg","KAPhfUH2J23xH4vx7PLo+w==":"photo3-4.jpeg","rhYUQfn8HALxC7uAYN/jTQ==":"photo3-5.jpeg","YeY8rcvAWnnIR5bn8pUG+A==":"photo3-6.jpeg","VtT/t2/EeA3JnhdY3pruaA==":"photo4-4.jpeg","JDi5K9GG+US7NOr0Zx52+Q==":"photo4-5.jpeg","JGGFk3u3/DGbMyzhMN1VuQ==":"photo3-7.jpeg","EmrPHgcJzgvjQjEEtDTT1w==":"photo3-8.jpeg","yL6TRVQLH5Ml+C9rmQnF9w==":"photo3-9.jpeg","Z5UpotplxbjIF93OxawPww==":"photo3-10.jpeg","XtTtkL6Sp2hX+oVPu9+IZQ==":"temp.png","Zwb2DGpmJubozGk94kKSpg==":"circleheadshot.png","AvME4D7ttbj2gq7jupRBhQ==":"circleheadshot-1.png","+pCNGeQV1QqntPdQPtZbrQ==":"circleheadshot-2.png","7rf6dFYvVzpGLLiNTaBLbA==":"circleheadshot-3.png","5rLi8aH0B4uQtY8bt03+1Q==":"circleheadshot-4.png","57Ix/sF02dI59+bS0kQCSA==":"circleheadshot-5.png","TI7T3seTX+l4TpwFcSbgmA==":"circleheadshot-6.png","ICYMUcrTUvCDZU+0qC5klQ==":"circleheadshot-7.png","W6FZncs04DUhE3ExK/7ZbQ==":"circleheadshot-8.png","efyftEPhTR1/6tYRBPhRDg==":"circleheadshot-9.png","8crJ7hhoHC0ylPu1XKR+MQ==":"circleheadshot-10.png","h7g+Nv9Dyc3GYHLjUQQskA==":"circleheadshot-11.png","TgaGAWdDEOtQaljKp2WIkQ==":"screenshot%202025-02-21%20at%205.44.02%E2%80%AFpm-1916x870.png"}